Tehsil,Prediction,yield (ton/ha)
Bicholi Hapsi,1.0000364030052418,1.0153954432121213
Depalpur,0.8204600199467781,0.817177587828125
Hatod,0.7791282943176249,0.7841028189473684
Juni Indore,0.9901684523557784,0.98983118112
Kanadia,0.7269864435262164,0.711971648575
Khudel,0.9000294135625813,0.9074268648484849
